2026-01-13 02:08:42.831188,148,0,Middle
2026-01-13 02:08:42.893112,128,0,Middle
2026-01-13 02:08:42.931284,126,0,Middle
2026-01-13 02:08:42.967656,128,0,Middle
2026-01-13 02:08:43.005778,136,0,Middle
2026-01-13 02:08:43.040841,142,0,Middle
2026-01-13 02:08:43.079174,138,0,Middle
2026-01-13 02:08:43.112000,115,0,Middle
2026-01-13 02:08:43.145625,102,0,Middle
2026-01-13 02:08:43.178703,97,0,Middle
2026-01-13 02:08:43.210375,121,0,Middle
2026-01-13 02:08:43.241936,123,0,Middle
2026-01-13 02:08:43.274409,123,0,Middle
2026-01-13 02:08:43.308886,130,0,Middle
2026-01-13 02:08:43.339698,134,0,Middle
2026-01-13 02:08:43.374621,135,0,Middle
2026-01-13 02:08:43.407029,136,0,Middle
2026-01-13 02:08:43.441720,134,0,Middle
2026-01-13 02:08:43.477255,134,0,Middle
2026-01-13 02:08:43.510268,121,0,Middle
2026-01-13 02:08:43.541997,121,0,Middle
2026-01-13 02:08:43.576851,123,0,Middle
2026-01-13 02:08:43.607351,120,0,Middle
2026-01-13 02:08:43.639545,107,0,Middle
2026-01-13 02:08:43.674168,105,0,Middle
2026-01-13 02:08:43.707606,83,0,Middle
2026-01-13 02:08:43.742964,69,0,Middle
2026-01-13 02:08:43.776251,68,0,Middle
2026-01-13 02:08:43.808686,65,0,Middle
2026-01-13 02:08:43.841352,62,0,Middle
2026-01-13 02:08:43.873988,62,0,Middle
2026-01-13 02:08:43.906912,64,0,Middle
2026-01-13 02:08:43.957400,62,0,Middle
2026-01-13 02:08:43.996026,60,0,Middle
2026-01-13 02:08:44.029172,58,0,Middle
2026-01-13 02:08:44.061057,56,0,Middle
2026-01-13 02:08:44.094147,56,0,Middle
2026-01-13 02:08:44.225376,54,0,Middle
2026-01-13 02:08:44.259393,53,0,Middle
2026-01-13 02:08:44.292679,52,0,Middle
2026-01-13 02:08:44.325854,48,0,Middle
2026-01-13 02:08:44.358272,45,0,Middle
2026-01-13 02:08:44.391008,45,0,Middle
2026-01-13 02:08:44.423550,42,0,Middle
2026-01-13 02:08:44.456681,41,0,Middle
2026-01-13 02:08:44.494561,38,0,Middle
2026-01-13 02:08:44.599455,36,0,Middle
2026-01-13 02:08:44.630135,35,0,Middle
2026-01-13 02:08:44.664768,34,0,Middle
2026-01-13 02:08:44.699088,33,0,Middle
2026-01-13 02:08:44.731891,33,0,Middle
2026-01-13 02:08:44.766605,33,0,Middle
2026-01-13 02:08:44.800568,33,0,Middle
2026-01-13 02:08:44.833345,33,0,Middle
2026-01-13 02:08:44.867550,33,0,Middle
2026-01-13 02:08:44.901054,33,0,Middle
2026-01-13 02:08:44.933949,33,0,Middle
2026-01-13 02:08:44.966886,33,0,Middle
2026-01-13 02:08:45.007636,33,0,Middle
2026-01-13 02:08:45.038854,33,0,Middle
2026-01-13 02:08:45.072320,33,0,Middle
2026-01-13 02:08:45.106214,33,0,Middle
2026-01-13 02:08:45.139534,33,0,Middle
2026-01-13 02:08:45.174427,33,0,Middle
2026-01-13 02:08:45.209695,37,0,Middle
2026-01-13 02:08:45.243716,38,0,Middle
2026-01-13 02:08:45.280323,38,0,Middle
2026-01-13 02:08:45.313597,42,0,Middle
2026-01-13 02:08:45.348715,44,0,Middle
2026-01-13 02:08:45.382589,45,0,Middle
2026-01-13 02:08:45.415645,52,0,Middle
2026-01-13 02:08:45.448986,55,0,Middle
2026-01-13 02:08:45.481621,56,0,Middle
2026-01-13 02:08:45.514665,55,0,Middle
2026-01-13 02:08:45.548938,55,0,Middle
2026-01-13 02:08:45.581651,55,0,Middle
2026-01-13 02:08:45.615442,50,0,Middle
2026-01-13 02:08:45.650017,48,0,Middle
2026-01-13 02:08:45.684754,48,0,Middle
2026-01-13 02:08:45.717540,46,0,Middle
2026-01-13 02:08:45.751871,46,0,Middle
2026-01-13 02:08:45.785315,45,0,Middle
2026-01-13 02:08:45.817750,45,0,Middle
2026-01-13 02:08:45.850445,45,0,Middle
2026-01-13 02:08:45.883505,45,0,Middle
2026-01-13 02:08:45.916932,44,0,Middle
2026-01-13 02:08:45.948534,44,0,Middle
2026-01-13 02:08:45.982789,45,0,Middle
2026-01-13 02:08:46.016149,44,0,Middle
2026-01-13 02:08:46.049951,44,0,Middle
2026-01-13 02:08:46.083279,44,0,Middle
2026-01-13 02:08:46.115948,44,0,Middle
2026-01-13 02:08:46.150430,45,0,Middle
2026-01-13 02:08:46.184062,45,0,Middle
2026-01-13 02:08:46.219617,45,0,Middle
2026-01-13 02:08:46.251552,44,0,Middle
2026-01-13 02:08:46.285593,44,0,Middle
2026-01-13 02:08:46.318251,43,0,Middle
2026-01-13 02:08:46.349648,43,0,Middle
2026-01-13 02:08:46.383784,42,0,Middle
2026-01-13 02:08:46.416478,41,0,Middle
2026-01-13 02:08:46.449865,40,0,Middle
2026-01-13 02:08:46.483717,40,0,Middle
2026-01-13 02:08:46.514918,40,0,Middle
2026-01-13 02:08:46.547188,39,0,Middle
2026-01-13 02:08:46.577208,39,0,Middle
2026-01-13 02:08:46.608396,38,0,Middle
2026-01-13 02:08:46.639530,39,0,Middle
2026-01-13 02:08:46.671778,39,0,Middle
2026-01-13 02:08:46.705047,39,0,Middle
2026-01-13 02:08:46.739953,38,0,Middle
2026-01-13 02:08:46.774511,37,0,Middle
2026-01-13 02:08:46.807168,38,0,Middle
2026-01-13 02:08:46.851480,37,0,Middle
2026-01-13 02:08:46.896513,37,0,Middle
2026-01-13 02:08:46.927837,36,0,Middle
2026-01-13 02:08:46.958347,36,0,Middle
2026-01-13 02:08:46.990392,37,0,Middle
2026-01-13 02:08:47.022319,33,0,Middle
2026-01-13 02:08:47.053174,35,0,Middle
2026-01-13 02:08:47.084874,35,0,Middle
2026-01-13 02:08:47.115983,35,0,Middle
2026-01-13 02:08:47.147890,36,0,Middle
2026-01-13 02:08:47.178955,36,0,Middle
2026-01-13 02:08:47.210053,33,0,Middle
2026-01-13 02:08:47.244805,33,0,Middle
2026-01-13 02:08:47.279507,33,0,Middle
2026-01-13 02:08:47.314229,35,0,Middle
2026-01-13 02:08:47.347871,36,0,Middle
2026-01-13 02:08:47.382354,36,0,Middle
2026-01-13 02:08:47.415244,37,0,Middle
2026-01-13 02:08:47.448890,36,0,Middle
2026-01-13 02:08:47.481475,36,0,Middle
2026-01-13 02:08:47.516230,37,0,Middle
2026-01-13 02:08:47.549735,36,0,Middle
2026-01-13 02:08:47.582761,35,0,Middle
2026-01-13 02:08:47.616905,35,0,Middle
2026-01-13 02:08:47.649929,35,0,Middle
2026-01-13 02:08:47.682989,34,0,Middle
2026-01-13 02:08:47.716816,33,0,Middle
2026-01-13 02:08:47.752065,33,0,Middle
2026-01-13 02:08:47.785609,34,0,Middle
2026-01-13 02:08:47.819880,33,0,Middle
2026-01-13 02:08:47.852341,35,0,Middle
2026-01-13 02:08:47.884483,35,0,Middle
2026-01-13 02:08:47.917422,37,0,Middle
2026-01-13 02:08:47.949889,38,0,Middle
2026-01-13 02:08:47.982815,38,0,Middle
2026-01-13 02:08:48.016929,36,0,Middle
2026-01-13 02:08:48.049127,35,0,Middle
2026-01-13 02:08:48.082765,37,0,Middle
2026-01-13 02:08:48.115701,34,0,Middle
2026-01-13 02:08:48.149977,32,0,Middle
2026-01-13 02:08:48.182746,32,0,Middle
2026-01-13 02:08:48.215512,33,0,Middle
2026-01-13 02:08:48.251147,32,0,Middle
2026-01-13 02:08:48.286378,32,0,Middle
2026-01-13 02:08:48.322447,32,0,Middle
2026-01-13 02:08:48.356657,32,0,Middle
2026-01-13 02:08:48.389143,33,0,Middle
2026-01-13 02:08:48.422492,32,0,Middle
2026-01-13 02:08:48.456042,33,0,Middle
2026-01-13 02:08:48.489612,33,0,Middle
2026-01-13 02:08:48.522226,33,0,Middle
2026-01-13 02:08:48.554185,33,0,Middle
2026-01-13 02:08:48.613618,33,0,Middle
2026-01-13 02:08:48.648434,33,0,Middle
2026-01-13 02:08:48.681676,33,0,Middle
2026-01-13 02:08:48.715701,32,0,Middle
2026-01-13 02:08:48.800047,32,0,Middle
2026-01-13 02:08:48.834299,33,0,Middle
2026-01-13 02:08:48.868328,34,0,Middle
2026-01-13 02:08:48.909217,33,0,Middle
2026-01-13 02:08:48.942743,33,0,Middle
2026-01-13 02:08:48.975238,34,0,Middle
2026-01-13 02:08:49.006103,33,0,Middle
2026-01-13 02:08:49.040000,33,0,Middle
2026-01-13 02:08:49.072839,33,0,Middle
2026-01-13 02:08:49.104494,34,0,Middle
2026-01-13 02:08:49.138598,34,0,Middle
2026-01-13 02:08:49.170635,34,0,Middle
2026-01-13 02:08:49.203972,34,0,Middle
2026-01-13 02:08:49.237980,34,0,Middle
2026-01-13 02:08:49.270580,34,0,Middle
2026-01-13 02:08:49.308800,34,0,Middle
2026-01-13 02:08:49.341766,35,0,Middle
2026-01-13 02:08:49.377729,35,0,Middle
2026-01-13 02:08:49.412496,35,0,Middle
2026-01-13 02:08:49.445866,35,0,Middle
2026-01-13 02:08:49.478196,34,0,Middle
2026-01-13 02:08:49.512843,34,0,Middle
2026-01-13 02:08:49.545381,35,0,Middle
2026-01-13 02:08:49.580315,35,0,Middle
2026-01-13 02:08:49.613227,35,0,Middle
2026-01-13 02:08:49.645601,35,0,Middle
2026-01-13 02:08:49.678383,35,0,Middle
2026-01-13 02:08:49.709470,35,0,Middle
2026-01-13 02:08:49.743650,35,0,Middle
2026-01-13 02:08:49.776996,35,0,Middle
2026-01-13 02:08:49.808372,36,0,Middle
2026-01-13 02:08:49.841734,37,0,Middle
2026-01-13 02:08:49.877592,37,0,Middle
2026-01-13 02:08:49.912317,39,0,Middle
2026-01-13 02:08:49.972248,40,0,Middle
2026-01-13 02:08:50.005492,40,0,Middle
2026-01-13 02:08:50.108325,38,0,Middle
2026-01-13 02:08:50.143385,37,0,Middle
2026-01-13 02:08:50.177601,37,0,Middle
2026-01-13 02:08:50.211050,37,0,Middle
2026-01-13 02:08:50.245177,37,0,Middle
2026-01-13 02:08:50.278950,37,0,Middle
2026-01-13 02:08:50.311884,36,0,Middle
2026-01-13 02:08:50.345690,36,0,Middle
2026-01-13 02:08:50.378590,36,0,Middle
2026-01-13 02:08:50.411690,34,0,Middle
2026-01-13 02:08:50.444941,34,0,Middle
2026-01-13 02:08:50.478705,34,0,Middle
2026-01-13 02:08:50.510882,32,0,Middle
2026-01-13 02:08:50.544656,32,0,Middle
2026-01-13 02:08:50.578925,32,0,Middle
2026-01-13 02:08:50.611913,29,0,Up
2026-01-13 02:08:50.645279,29,0,Middle
2026-01-13 02:08:50.680424,28,0,Middle
2026-01-13 02:08:50.714680,27,0,Middle
2026-01-13 02:08:50.748763,27,0,Middle
2026-01-13 02:08:50.782712,27,0,Middle
2026-01-13 02:08:50.815438,27,0,Middle
2026-01-13 02:08:50.847610,27,0,Middle
2026-01-13 02:08:50.880549,27,0,Middle
2026-01-13 02:08:50.912953,27,0,Middle
2026-01-13 02:08:50.945643,27,0,Middle
2026-01-13 02:08:50.978737,27,0,Middle
2026-01-13 02:08:51.011983,28,0,Middle
2026-01-13 02:08:51.044598,28,0,Middle
2026-01-13 02:08:51.079431,28,0,Middle
2026-01-13 02:08:51.112505,28,0,Middle
2026-01-13 02:08:51.145646,29,0,Middle
2026-01-13 02:08:51.181290,29,0,Middle
2026-01-13 02:08:51.215151,29,0,Middle
2026-01-13 02:08:51.249235,30,0,Middle
2026-01-13 02:08:51.281389,30,0,Middle
2026-01-13 02:08:51.332279,32,0,Middle
2026-01-13 02:08:51.365843,32,0,Middle
2026-01-13 02:08:51.400538,32,0,Middle
2026-01-13 02:08:51.432904,32,0,Middle
2026-01-13 02:08:51.465887,33,0,Middle
2026-01-13 02:08:51.499285,33,0,Middle
2026-01-13 02:08:51.531694,33,0,Middle
2026-01-13 02:08:51.566035,33,0,Middle
2026-01-13 02:08:51.601966,33,0,Middle
2026-01-13 02:08:51.634545,33,0,Middle
2026-01-13 02:08:51.667702,33,0,Middle
2026-01-13 02:08:51.704378,33,0,Middle
2026-01-13 02:08:51.740297,33,0,Middle
2026-01-13 02:08:51.774730,33,0,Middle
2026-01-13 02:08:51.806318,33,0,Middle
2026-01-13 02:08:51.907203,33,0,Middle
2026-01-13 02:08:51.939205,34,0,Middle
2026-01-13 02:08:51.974320,34,0,Middle
2026-01-13 02:08:52.014142,34,0,Middle
2026-01-13 02:08:52.048061,34,0,Middle
2026-01-13 02:08:52.081282,34,0,Middle
2026-01-13 02:08:52.113755,34,0,Middle
2026-01-13 02:08:52.147753,33,0,Middle
2026-01-13 02:08:52.180748,34,0,Middle
2026-01-13 02:08:52.215173,34,0,Middle
2026-01-13 02:08:52.249512,35,0,Middle
2026-01-13 02:08:52.282744,35,0,Middle
2026-01-13 02:08:52.315679,48,0,Middle
2026-01-13 02:08:52.347622,51,0,Middle
2026-01-13 02:08:52.380552,52,0,Middle
2026-01-13 02:08:52.411985,67,0,Middle
2026-01-13 02:08:52.444191,70,0,Middle
2026-01-13 02:08:52.481496,71,0,Middle
2026-01-13 02:08:52.517114,98,0,Middle
2026-01-13 02:08:52.550533,102,0,Middle
2026-01-13 02:08:52.584394,102,0,Middle
2026-01-13 02:08:52.615583,118,0,Middle
2026-01-13 02:08:52.648394,120,0,Middle
2026-01-13 02:08:52.692172,120,0,Middle
2026-01-13 02:08:52.726013,124,0,Middle
2026-01-13 02:08:52.758507,126,0,Middle
2026-01-13 02:08:52.792490,126,0,Middle
2026-01-13 02:08:52.825813,134,0,Middle
2026-01-13 02:08:52.864660,135,0,Middle
2026-01-13 02:08:52.906523,136,0,Middle
2026-01-13 02:08:52.938587,143,0,Middle
2026-01-13 02:08:52.972005,146,0,Middle
2026-01-13 02:08:53.018232,159,0,Middle
2026-01-13 02:08:53.104104,166,0,Down
2026-01-13 02:08:53.138242,168,0,Down
2026-01-13 02:08:53.172115,168,0,Down
2026-01-13 02:08:53.214490,171,0,Down
2026-01-13 02:08:53.247148,171,0,Down
2026-01-13 02:08:53.282136,171,0,Down
2026-01-13 02:08:53.314689,172,0,Down
2026-01-13 02:08:53.347429,172,0,Down
2026-01-13 02:08:53.382610,172,0,Down
2026-01-13 02:08:53.415123,172,0,Down
2026-01-13 02:08:53.447073,172,0,Down
2026-01-13 02:08:53.480138,172,0,Down
2026-01-13 02:08:53.514198,171,0,Down
2026-01-13 02:08:53.547875,171,0,Down
2026-01-13 02:08:53.580391,170,0,Down
2026-01-13 02:08:53.613307,168,0,Down
2026-01-13 02:08:53.645339,167,0,Down
2026-01-13 02:08:53.679521,166,0,Down
2026-01-13 02:08:53.714246,151,0,Middle
2026-01-13 02:08:53.749713,146,0,Middle
2026-01-13 02:08:53.783497,144,0,Middle
2026-01-13 02:08:53.815652,130,0,Middle
2026-01-13 02:08:53.848855,126,0,Middle
2026-01-13 02:08:53.880985,125,0,Middle
2026-01-13 02:08:53.914478,103,0,Middle
2026-01-13 02:08:53.946894,99,0,Middle
2026-01-13 02:08:53.980862,98,0,Middle
2026-01-13 02:08:54.012473,72,0,Middle
2026-01-13 02:08:54.065051,66,0,Middle
2026-01-13 02:08:54.100748,65,0,Middle
2026-01-13 02:08:54.135510,50,0,Middle
2026-01-13 02:08:54.170243,48,0,Middle
2026-01-13 02:08:54.205053,47,0,Middle
2026-01-13 02:08:54.238476,33,0,Middle
2026-01-13 02:08:54.271547,32,0,Middle
2026-01-13 02:08:54.303320,27,1,Up
2026-01-13 02:08:54.415856,21,1,Middle
2026-01-13 02:08:54.450576,21,1,Middle
2026-01-13 02:08:54.485893,22,1,Middle
2026-01-13 02:08:54.519593,21,1,Middle
2026-01-13 02:08:54.551565,21,1,Middle
2026-01-13 02:08:54.583612,20,1,Middle
2026-01-13 02:08:54.616217,19,1,Middle
2026-01-13 02:08:54.648693,19,1,Middle
2026-01-13 02:08:54.682021,20,1,Middle
2026-01-13 02:08:54.715470,19,1,Middle
2026-01-13 02:08:54.747658,19,1,Middle
2026-01-13 02:08:54.780019,20,1,Middle
2026-01-13 02:08:54.811628,20,1,Middle
2026-01-13 02:08:54.844206,20,1,Middle
2026-01-13 02:08:54.879531,20,1,Middle
2026-01-13 02:08:54.910021,20,1,Middle
2026-01-13 02:08:54.943155,20,1,Middle
2026-01-13 02:08:54.978715,20,1,Middle
2026-01-13 02:08:55.012508,20,1,Middle
2026-01-13 02:08:55.047254,20,1,Middle
2026-01-13 02:08:55.081797,20,1,Middle
2026-01-13 02:08:55.114880,22,1,Middle
2026-01-13 02:08:55.146933,23,1,Middle
2026-01-13 02:08:55.181140,23,1,Middle
2026-01-13 02:08:55.212886,26,1,Middle
2026-01-13 02:08:55.247200,27,1,Middle
2026-01-13 02:08:55.279090,27,1,Middle
2026-01-13 02:08:55.311490,33,1,Middle
2026-01-13 02:08:55.345066,34,1,Middle
2026-01-13 02:08:55.376832,35,1,Middle
2026-01-13 02:08:55.423645,42,1,Middle
2026-01-13 02:08:55.456018,44,1,Middle
2026-01-13 02:08:55.490697,43,1,Middle
2026-01-13 02:08:55.525994,46,1,Middle
2026-01-13 02:08:55.562771,47,1,Middle
2026-01-13 02:08:55.596952,47,1,Middle
2026-01-13 02:08:55.628892,51,1,Middle
2026-01-13 02:08:55.661566,53,1,Middle
2026-01-13 02:08:55.695539,53,1,Middle
2026-01-13 02:08:55.729071,58,1,Middle
2026-01-13 02:08:55.762551,59,1,Middle
2026-01-13 02:08:55.798153,60,1,Middle
2026-01-13 02:08:55.830352,65,1,Middle
2026-01-13 02:08:55.863194,66,1,Middle
2026-01-13 02:08:55.896097,67,1,Middle
2026-01-13 02:08:55.929371,94,1,Middle
2026-01-13 02:08:55.963035,100,1,Middle
2026-01-13 02:08:55.997152,102,1,Middle
2026-01-13 02:08:56.031384,134,1,Middle
2026-01-13 02:08:56.067550,139,1,Middle
2026-01-13 02:08:56.100993,140,1,Middle
2026-01-13 02:08:56.135168,158,1,Middle
2026-01-13 02:08:56.166904,164,1,Down
2026-01-13 02:08:56.199134,165,1,Down
2026-01-13 02:08:56.231806,169,1,Down
2026-01-13 02:08:56.264935,169,1,Down
2026-01-13 02:08:56.297703,170,1,Down
2026-01-13 02:08:56.328846,170,1,Down
2026-01-13 02:08:56.363633,170,1,Down
2026-01-13 02:08:56.396046,170,1,Down
2026-01-13 02:08:56.431382,170,1,Down
2026-01-13 02:08:56.464921,169,1,Down
2026-01-13 02:08:56.498089,169,1,Down
2026-01-13 02:08:56.534230,162,1,Down
2026-01-13 02:08:56.567655,158,1,Middle
2026-01-13 02:08:56.600262,157,1,Middle
2026-01-13 02:08:56.631379,139,1,Middle
2026-01-13 02:08:56.664377,133,1,Middle
2026-01-13 02:08:56.697408,131,1,Middle
2026-01-13 02:08:56.731846,114,1,Middle
2026-01-13 02:08:56.766107,112,1,Middle
2026-01-13 02:08:56.800685,112,1,Middle
2026-01-13 02:08:56.833066,92,1,Middle
2026-01-13 02:08:56.866898,88,1,Middle
2026-01-13 02:08:56.899406,87,1,Middle
2026-01-13 02:08:56.933878,74,1,Middle
2026-01-13 02:08:56.967890,71,1,Middle
2026-01-13 02:08:57.002408,71,1,Middle
2026-01-13 02:08:57.038398,66,1,Middle
2026-01-13 02:08:57.073608,65,1,Middle
2026-01-13 02:08:57.108262,64,1,Middle
2026-01-13 02:08:57.140573,58,1,Middle
2026-01-13 02:08:57.172432,56,1,Middle
2026-01-13 02:08:57.205557,55,1,Middle
2026-01-13 02:08:57.238697,48,1,Middle
2026-01-13 02:08:57.272320,46,1,Middle
2026-01-13 02:08:57.306013,45,1,Middle
2026-01-13 02:08:57.339591,37,1,Middle
2026-01-13 02:08:57.371897,34,1,Middle
2026-01-13 02:08:57.405524,31,1,Middle
2026-01-13 02:08:57.522917,28,1,Up
2026-01-13 02:08:57.559731,28,1,Middle
2026-01-13 02:08:57.595855,28,1,Middle
2026-01-13 02:08:57.629530,27,1,Middle
2026-01-13 02:08:57.662837,27,1,Middle
2026-01-13 02:08:57.696730,26,1,Middle
2026-01-13 02:08:57.731167,26,1,Middle
2026-01-13 02:08:57.763603,26,1,Middle
2026-01-13 02:08:57.796264,26,1,Middle
2026-01-13 02:08:57.830751,25,1,Middle
2026-01-13 02:08:57.863267,25,1,Middle
2026-01-13 02:08:57.895659,24,1,Middle
2026-01-13 02:08:57.929720,21,1,Middle
2026-01-13 02:08:57.961355,20,1,Middle
2026-01-13 02:08:57.994222,19,1,Middle
2026-01-13 02:08:58.027970,18,1,Middle
2026-01-13 02:08:58.062230,17,1,Middle
2026-01-13 02:08:58.099437,17,1,Middle
2026-01-13 02:08:58.157859,16,1,Middle
2026-01-13 02:08:58.191927,17,1,Middle
2026-01-13 02:08:58.226406,17,1,Middle
2026-01-13 02:08:58.317506,18,1,Middle
2026-01-13 02:08:58.351528,19,1,Middle
2026-01-13 02:08:58.387079,20,1,Middle
2026-01-13 02:08:58.419496,20,1,Middle
2026-01-13 02:08:58.452964,20,1,Middle
2026-01-13 02:08:58.484532,20,1,Middle
2026-01-13 02:08:58.518354,19,1,Middle
2026-01-13 02:08:58.551257,19,1,Middle
2026-01-13 02:08:58.583264,18,1,Middle
2026-01-13 02:08:58.616518,19,1,Middle
2026-01-13 02:08:58.648225,18,1,Middle
2026-01-13 02:08:58.682764,18,1,Middle
2026-01-13 02:08:58.717470,24,1,Middle
2026-01-13 02:08:58.749139,26,1,Middle
2026-01-13 02:08:58.783463,27,1,Middle
2026-01-13 02:08:58.817029,43,1,Middle
2026-01-13 02:08:58.849718,46,1,Middle
2026-01-13 02:08:58.882889,46,1,Middle
2026-01-13 02:08:58.917317,83,1,Middle
2026-01-13 02:08:58.949800,92,1,Middle
2026-01-13 02:08:58.984033,94,1,Middle
2026-01-13 02:08:59.017359,122,1,Middle
2026-01-13 02:08:59.050567,134,1,Middle
2026-01-13 02:08:59.081833,129,1,Middle
2026-01-13 02:08:59.118138,143,1,Middle
2026-01-13 02:08:59.151223,146,1,Middle
2026-01-13 02:08:59.184853,148,1,Middle
2026-01-13 02:08:59.217432,150,1,Middle
2026-01-13 02:08:59.249788,151,1,Middle
2026-01-13 02:08:59.283754,151,1,Middle
2026-01-13 02:08:59.315825,148,1,Middle
2026-01-13 02:08:59.348893,148,1,Middle
2026-01-13 02:08:59.384713,147,1,Middle
2026-01-13 02:08:59.416607,140,1,Middle
2026-01-13 02:08:59.451910,136,1,Middle
2026-01-13 02:08:59.511747,134,1,Middle
2026-01-13 02:08:59.546361,107,1,Middle
2026-01-13 02:08:59.580047,99,1,Middle
2026-01-13 02:08:59.613452,42,1,Middle
2026-01-13 02:08:59.713962,21,1,Middle
2026-01-13 02:08:59.748513,19,1,Middle
2026-01-13 02:08:59.781891,19,1,Middle
2026-01-13 02:08:59.816455,19,1,Middle
2026-01-13 02:08:59.850142,19,1,Middle
2026-01-13 02:08:59.883090,19,1,Middle
2026-01-13 02:08:59.919128,23,1,Middle
2026-01-13 02:08:59.951746,26,1,Middle
2026-01-13 02:08:59.984985,26,1,Middle
2026-01-13 02:09:00.018479,52,1,Middle
2026-01-13 02:09:00.052559,57,1,Middle
2026-01-13 02:09:00.086020,59,1,Middle
2026-01-13 02:09:00.118418,91,1,Middle
2026-01-13 02:09:00.152461,97,1,Middle
2026-01-13 02:09:00.186030,100,1,Middle
2026-01-13 02:09:00.217994,126,1,Middle
2026-01-13 02:09:00.249104,133,1,Middle
2026-01-13 02:09:00.283539,134,1,Middle
2026-01-13 02:09:00.321531,160,1,Down
2026-01-13 02:09:00.356055,162,1,Down
2026-01-13 02:09:00.389888,161,1,Down
2026-01-13 02:09:00.422835,163,1,Down
2026-01-13 02:09:00.455465,163,1,Down
2026-01-13 02:09:00.487399,163,1,Down
2026-01-13 02:09:00.520777,163,1,Down
2026-01-13 02:09:00.553670,162,1,Down
2026-01-13 02:09:00.588112,162,1,Down
2026-01-13 02:09:00.622793,161,1,Down
2026-01-13 02:09:00.655291,161,1,Down
2026-01-13 02:09:00.688606,160,1,Down
2026-01-13 02:09:00.722348,155,1,Middle
2026-01-13 02:09:00.755879,152,1,Middle
2026-01-13 02:09:00.789349,150,1,Middle
2026-01-13 02:09:00.823347,132,1,Middle
2026-01-13 02:09:00.857107,127,1,Middle
2026-01-13 02:09:00.890953,125,1,Middle
2026-01-13 02:09:00.924455,99,1,Middle
2026-01-13 02:09:00.957876,96,1,Middle
2026-01-13 02:09:00.991100,94,1,Middle
2026-01-13 02:09:01.025260,65,1,Middle
2026-01-13 02:09:01.058427,61,1,Middle
2026-01-13 02:09:01.092504,60,1,Middle
2026-01-13 02:09:01.133604,42,1,Middle
2026-01-13 02:09:01.167468,38,1,Middle
2026-01-13 02:09:01.200648,39,1,Middle
2026-01-13 02:09:01.232925,25,2,Up
2026-01-13 02:09:01.265982,24,2,Middle
2026-01-13 02:09:01.300589,24,2,Middle
2026-01-13 02:09:01.334886,16,2,Middle
2026-01-13 02:09:01.368050,15,2,Middle
2026-01-13 02:09:01.400587,16,2,Middle
2026-01-13 02:09:01.433037,15,2,Middle
2026-01-13 02:09:01.465491,16,2,Middle
2026-01-13 02:09:01.501465,16,2,Middle
2026-01-13 02:09:01.534623,16,2,Middle
2026-01-13 02:09:01.567104,16,2,Middle
2026-01-13 02:09:01.601375,16,2,Middle
2026-01-13 02:09:01.634537,17,2,Middle
2026-01-13 02:09:01.667108,17,2,Middle
2026-01-13 02:09:01.701791,18,2,Middle
2026-01-13 02:09:01.734188,21,2,Middle
2026-01-13 02:09:01.768148,22,2,Middle
2026-01-13 02:09:01.801168,23,2,Middle
2026-01-13 02:09:01.835530,37,2,Middle
2026-01-13 02:09:01.870049,40,2,Middle
2026-01-13 02:09:01.903729,41,2,Middle
2026-01-13 02:09:01.937623,56,2,Middle
2026-01-13 02:09:02.016840,83,2,Middle
2026-01-13 02:09:02.049969,88,2,Middle
2026-01-13 02:09:02.111150,107,2,Middle
2026-01-13 02:09:02.145754,111,2,Middle
2026-01-13 02:09:02.179772,114,2,Middle
2026-01-13 02:09:02.247298,131,2,Middle
2026-01-13 02:09:02.280944,135,2,Middle
2026-01-13 02:09:02.314819,135,2,Middle
2026-01-13 02:09:02.349426,147,2,Middle
2026-01-13 02:09:02.414096,163,2,Down
2026-01-13 02:09:02.446284,167,2,Down
2026-01-13 02:09:02.509303,171,2,Down
2026-01-13 02:09:02.544903,171,2,Down
2026-01-13 02:09:02.578276,171,2,Down
2026-01-13 02:09:02.620745,171,2,Down
2026-01-13 02:09:02.654517,171,2,Down
2026-01-13 02:09:02.687082,170,2,Down
2026-01-13 02:09:02.718355,169,2,Down
2026-01-13 02:09:02.819713,167,2,Down
2026-01-13 02:09:02.853295,166,2,Down
2026-01-13 02:09:02.909752,161,2,Down
2026-01-13 02:09:02.943246,158,2,Middle
2026-01-13 02:09:02.976732,157,2,Middle
2026-01-13 02:09:03.023344,144,2,Middle
2026-01-13 02:09:03.057042,140,2,Middle
2026-01-13 02:09:03.089899,139,2,Middle
2026-01-13 02:09:03.120702,133,2,Middle
2026-01-13 02:09:03.216866,120,2,Middle
2026-01-13 02:09:03.250880,117,2,Middle
2026-01-13 02:09:03.310056,111,2,Middle
2026-01-13 02:09:03.343958,110,2,Middle
2026-01-13 02:09:03.376131,109,2,Middle
2026-01-13 02:09:03.422285,99,2,Middle
2026-01-13 02:09:03.456609,97,2,Middle
2026-01-13 02:09:03.488525,95,2,Middle
2026-01-13 02:09:03.520597,81,2,Middle
2026-01-13 02:09:03.615706,68,2,Middle
2026-01-13 02:09:03.649583,65,2,Middle
2026-01-13 02:09:03.711580,57,2,Middle
2026-01-13 02:09:03.744457,55,2,Middle
2026-01-13 02:09:03.778098,54,2,Middle
2026-01-13 02:09:03.822068,46,2,Middle
2026-01-13 02:09:03.855970,45,2,Middle
2026-01-13 02:09:03.890168,45,2,Middle
2026-01-13 02:09:03.923145,32,2,Middle
2026-01-13 02:09:04.022928,25,2,Up
2026-01-13 02:09:04.056238,24,2,Middle
2026-01-13 02:09:04.123411,18,2,Middle
2026-01-13 02:09:04.159557,17,2,Middle
2026-01-13 02:09:04.194116,17,2,Middle
2026-01-13 02:09:04.229390,16,2,Middle
2026-01-13 02:09:04.276735,16,2,Middle
2026-01-13 02:09:04.309503,16,2,Middle
2026-01-13 02:09:04.341694,18,2,Middle
2026-01-13 02:09:04.420467,22,2,Middle
2026-01-13 02:09:04.452734,24,2,Middle
2026-01-13 02:09:04.509177,31,2,Middle
2026-01-13 02:09:04.542710,34,2,Middle
2026-01-13 02:09:04.576631,34,2,Middle
2026-01-13 02:09:04.622676,44,2,Middle
2026-01-13 02:09:04.655523,46,2,Middle
2026-01-13 02:09:04.690335,47,2,Middle
2026-01-13 02:09:04.722466,55,2,Middle
2026-01-13 02:09:04.814583,67,2,Middle
2026-01-13 02:09:04.848540,69,2,Middle
2026-01-13 02:09:04.910356,91,2,Middle
2026-01-13 02:09:04.943515,96,2,Middle
2026-01-13 02:09:04.977040,98,2,Middle
2026-01-13 02:09:05.024365,120,2,Middle
2026-01-13 02:09:05.057518,123,2,Middle
2026-01-13 02:09:05.091928,124,2,Middle
2026-01-13 02:09:05.124266,134,2,Middle
2026-01-13 02:09:05.220901,149,2,Middle
2026-01-13 02:09:05.254222,153,2,Middle
2026-01-13 02:09:05.310411,167,2,Down
2026-01-13 02:09:05.344842,169,2,Down
2026-01-13 02:09:05.384466,170,2,Down
2026-01-13 02:09:05.419655,176,2,Down
2026-01-13 02:09:05.453044,177,2,Down
2026-01-13 02:09:05.485878,177,2,Down
2026-01-13 02:09:05.518825,177,2,Down
2026-01-13 02:09:05.618941,175,2,Down
2026-01-13 02:09:05.653408,175,2,Down
2026-01-13 02:09:05.709925,172,2,Down
2026-01-13 02:09:05.743458,171,2,Down
2026-01-13 02:09:05.777893,170,2,Down
2026-01-13 02:09:05.822874,164,2,Down
2026-01-13 02:09:05.855134,162,2,Down
2026-01-13 02:09:05.889400,160,2,Down
2026-01-13 02:09:05.921940,150,2,Middle
2026-01-13 02:09:06.025137,135,2,Middle
2026-01-13 02:09:06.059958,132,2,Middle
2026-01-13 02:09:06.109591,122,2,Middle
2026-01-13 02:09:06.143020,120,2,Middle
2026-01-13 02:09:06.177464,119,2,Middle
2026-01-13 02:09:06.220292,94,2,Middle
2026-01-13 02:09:06.254569,91,2,Middle
2026-01-13 02:09:06.288911,91,2,Middle
2026-01-13 02:09:06.320554,70,2,Middle
2026-01-13 02:09:06.417997,51,2,Middle
2026-01-13 02:09:06.453429,48,2,Middle
2026-01-13 02:09:06.511895,33,2,Middle
2026-01-13 02:09:06.547873,32,2,Middle
2026-01-13 02:09:06.579712,33,2,Middle
2026-01-13 02:09:06.621813,23,3,Up
2026-01-13 02:09:06.654229,22,3,Middle
2026-01-13 02:09:06.688158,22,3,Middle
2026-01-13 02:09:06.720444,18,3,Middle
2026-01-13 02:09:06.816524,18,3,Middle
2026-01-13 02:09:06.850061,17,3,Middle
2026-01-13 02:09:06.910546,18,3,Middle
2026-01-13 02:09:06.944014,18,3,Middle
2026-01-13 02:09:06.977787,18,3,Middle
2026-01-13 02:09:07.019141,19,3,Middle
2026-01-13 02:09:07.052015,20,3,Middle
2026-01-13 02:09:07.085496,21,3,Middle
2026-01-13 02:09:07.116551,24,3,Middle
2026-01-13 02:09:07.226105,40,3,Middle
2026-01-13 02:09:07.259857,44,3,Middle
2026-01-13 02:09:07.309788,63,3,Middle
2026-01-13 02:09:07.343910,66,3,Middle
2026-01-13 02:09:07.376306,67,3,Middle
2026-01-13 02:09:07.420476,92,3,Middle
2026-01-13 02:09:07.453483,97,3,Middle
2026-01-13 02:09:07.486989,98,3,Middle
2026-01-13 02:09:07.518904,115,3,Middle
2026-01-13 02:09:07.624182,148,3,Middle
2026-01-13 02:09:07.657812,154,3,Middle
2026-01-13 02:09:07.727474,164,3,Down
2026-01-13 02:09:07.761497,167,3,Down
2026-01-13 02:09:07.794334,168,3,Down
2026-01-13 02:09:07.827904,172,3,Down
2026-01-13 02:09:07.920767,170,3,Down
2026-01-13 02:09:07.955025,170,3,Down
2026-01-13 02:09:07.989641,169,3,Down
2026-01-13 02:09:08.023258,164,3,Down
2026-01-13 02:09:08.055995,162,3,Down
2026-01-13 02:09:08.127247,150,3,Middle
2026-01-13 02:09:08.160121,146,3,Middle
2026-01-13 02:09:08.193775,145,3,Middle
2026-01-13 02:09:08.227987,129,3,Middle
2026-01-13 02:09:08.326469,100,3,Middle
2026-01-13 02:09:08.358565,95,3,Middle
2026-01-13 02:09:08.394261,94,3,Middle
2026-01-13 02:09:08.428049,72,3,Middle
2026-01-13 02:09:08.461063,67,3,Middle
2026-01-13 02:09:08.527241,45,3,Middle
2026-01-13 02:09:08.560772,42,3,Middle
2026-01-13 02:09:08.596055,41,3,Middle
2026-01-13 02:09:08.630170,25,3,Up
2026-01-13 02:09:08.722308,19,3,Middle
2026-01-13 02:09:08.755299,18,3,Middle
2026-01-13 02:09:08.790113,18,3,Middle
2026-01-13 02:09:08.824682,22,3,Middle
2026-01-13 02:09:08.859165,23,3,Middle
2026-01-13 02:09:08.926374,25,3,Middle
2026-01-13 02:09:08.959040,27,3,Middle
2026-01-13 02:09:08.991644,28,3,Middle
2026-01-13 02:09:09.027170,40,3,Middle
2026-01-13 02:09:09.120568,64,3,Middle
2026-01-13 02:09:09.154247,68,3,Middle
2026-01-13 02:09:09.189671,69,3,Middle
2026-01-13 02:09:09.225193,101,3,Middle
2026-01-13 02:09:09.258791,108,3,Middle
2026-01-13 02:09:09.326577,132,3,Middle
2026-01-13 02:09:09.360612,137,3,Middle
2026-01-13 02:09:09.393378,140,3,Middle
2026-01-13 02:09:09.427466,162,3,Down
2026-01-13 02:09:09.528223,167,3,Down
2026-01-13 02:09:09.560297,167,3,Down
2026-01-13 02:09:09.595550,168,3,Down
2026-01-13 02:09:09.628342,166,3,Down
2026-01-13 02:09:09.662100,165,3,Down
2026-01-13 02:09:09.726183,160,3,Down
2026-01-13 02:09:09.760380,156,3,Middle
2026-01-13 02:09:09.793628,153,3,Middle
2026-01-13 02:09:09.829088,122,3,Middle
2026-01-13 02:09:09.925434,82,3,Middle
2026-01-13 02:09:09.959259,77,3,Middle
2026-01-13 02:09:09.993455,76,3,Middle
2026-01-13 02:09:10.029863,43,3,Middle
2026-01-13 02:09:10.062671,38,3,Middle
2026-01-13 02:09:10.126977,18,4,Up
2026-01-13 02:09:10.160412,16,4,Middle
2026-01-13 02:09:10.194050,16,4,Middle
2026-01-13 02:09:10.228805,22,4,Middle
2026-01-13 02:09:10.326043,28,4,Middle
2026-01-13 02:09:10.360375,32,4,Middle
2026-01-13 02:09:10.395136,33,4,Middle
2026-01-13 02:09:10.428310,61,4,Middle
2026-01-13 02:09:10.461465,68,4,Middle
2026-01-13 02:09:10.528091,104,4,Middle
2026-01-13 02:09:10.560599,110,4,Middle
2026-01-13 02:09:10.594602,109,4,Middle
2026-01-13 02:09:10.628313,142,4,Middle
2026-01-13 02:09:10.726803,159,4,Middle
2026-01-13 02:09:10.760245,161,4,Down
2026-01-13 02:09:10.796353,162,4,Down
2026-01-13 02:09:10.830597,163,4,Down
2026-01-13 02:09:10.864061,163,4,Down
2026-01-13 02:09:10.926748,155,4,Middle
2026-01-13 02:09:10.959697,151,4,Middle
2026-01-13 02:09:10.994078,149,4,Middle
2026-01-13 02:09:11.028639,125,4,Middle
2026-01-13 02:09:11.130548,90,4,Middle
2026-01-13 02:09:11.162832,84,4,Middle
2026-01-13 02:09:11.197045,82,4,Middle
2026-01-13 02:09:11.230839,40,4,Middle
2026-01-13 02:09:11.262939,35,4,Middle
2026-01-13 02:09:11.326018,18,4,Up
2026-01-13 02:09:11.359172,15,4,Middle
2026-01-13 02:09:11.392825,15,4,Middle
2026-01-13 02:09:11.425733,24,4,Middle
2026-01-13 02:09:11.526580,47,4,Middle
2026-01-13 02:09:11.560726,52,4,Middle
2026-01-13 02:09:11.593660,54,4,Middle
2026-01-13 02:09:11.629440,85,4,Middle
2026-01-13 02:09:11.663238,92,4,Middle
2026-01-13 02:09:11.725904,123,4,Middle
2026-01-13 02:09:11.758291,131,4,Middle
2026-01-13 02:09:11.793453,133,4,Middle
2026-01-13 02:09:11.826974,161,4,Down
2026-01-13 02:09:11.922920,166,4,Down
2026-01-13 02:09:11.955174,166,4,Down
2026-01-13 02:09:11.990843,167,4,Down
2026-01-13 02:09:12.024712,166,4,Down
2026-01-13 02:09:12.058023,166,4,Down
2026-01-13 02:09:12.125049,151,4,Middle
2026-01-13 02:09:12.158256,144,4,Middle
2026-01-13 02:09:12.191046,139,4,Middle
2026-01-13 02:09:12.224416,113,4,Middle
2026-01-13 02:09:12.322588,93,4,Middle
2026-01-13 02:09:12.356228,89,4,Middle
2026-01-13 02:09:12.388883,88,4,Middle
2026-01-13 02:09:12.424324,37,4,Middle
2026-01-13 02:09:12.456990,32,4,Middle
2026-01-13 02:09:12.525641,18,5,Up
2026-01-13 02:09:12.559600,17,5,Middle
2026-01-13 02:09:12.592939,16,5,Middle
2026-01-13 02:09:12.627741,24,5,Middle
2026-01-13 02:09:12.724911,45,5,Middle
2026-01-13 02:09:12.758189,52,5,Middle
2026-01-13 02:09:12.795947,55,5,Middle
2026-01-13 02:09:12.843681,79,5,Middle
2026-01-13 02:09:12.879371,84,5,Middle
2026-01-13 02:09:12.924090,113,5,Middle
2026-01-13 02:09:12.956940,119,5,Middle
2026-01-13 02:09:12.991759,123,5,Middle
2026-01-13 02:09:13.025074,156,5,Middle
2026-01-13 02:09:13.127109,164,5,Down
2026-01-13 02:09:13.161956,167,5,Down
2026-01-13 02:09:13.197076,168,5,Down
2026-01-13 02:09:13.230914,165,5,Down
2026-01-13 02:09:13.263111,163,5,Down
2026-01-13 02:09:13.326912,154,5,Middle
2026-01-13 02:09:13.359791,144,5,Middle
2026-01-13 02:09:13.393112,140,5,Middle
2026-01-13 02:09:13.427515,110,5,Middle
2026-01-13 02:09:13.520300,83,5,Middle
2026-01-13 02:09:13.553209,78,5,Middle
2026-01-13 02:09:13.588144,69,5,Middle
2026-01-13 02:09:13.630254,20,5,Up
2026-01-13 02:09:13.665010,16,5,Middle
2026-01-13 02:09:13.726103,20,5,Middle
2026-01-13 02:09:13.759083,21,5,Middle
2026-01-13 02:09:13.792282,21,5,Middle
2026-01-13 02:09:13.825551,29,5,Middle
2026-01-13 02:09:13.920021,61,5,Middle
2026-01-13 02:09:13.953806,68,5,Middle
2026-01-13 02:09:13.987149,70,5,Middle
2026-01-13 02:09:14.031242,110,5,Middle
2026-01-13 02:09:14.064024,118,5,Middle
2026-01-13 02:09:14.126070,151,5,Middle
2026-01-13 02:09:14.158801,161,5,Down
2026-01-13 02:09:14.191579,161,5,Down
2026-01-13 02:09:14.225214,163,5,Down
2026-01-13 02:09:14.327720,159,5,Middle
2026-01-13 02:09:14.361674,158,5,Middle
2026-01-13 02:09:14.396000,157,5,Middle
2026-01-13 02:09:14.429900,136,5,Middle
2026-01-13 02:09:14.462211,131,5,Middle
2026-01-13 02:09:14.525025,110,5,Middle
2026-01-13 02:09:14.558972,101,5,Middle
2026-01-13 02:09:14.591838,98,5,Middle
2026-01-13 02:09:14.625329,74,5,Middle
2026-01-13 02:09:14.724152,21,6,Up
2026-01-13 02:09:14.756570,17,6,Middle
2026-01-13 02:09:14.790349,17,6,Middle
2026-01-13 02:09:14.830291,21,6,Middle
2026-01-13 02:09:14.863027,22,6,Middle
2026-01-13 02:09:14.926411,26,6,Middle
2026-01-13 02:09:14.959321,27,6,Middle
2026-01-13 02:09:14.993918,28,6,Middle
2026-01-13 02:09:15.027811,61,6,Middle
2026-01-13 02:09:15.127797,107,6,Middle
2026-01-13 02:09:15.160494,117,6,Middle
2026-01-13 02:09:15.194659,119,6,Middle
2026-01-13 02:09:15.229231,155,6,Middle
2026-01-13 02:09:15.265308,160,6,Down
2026-01-13 02:09:15.325946,164,6,Down
2026-01-13 02:09:15.359253,164,6,Down
2026-01-13 02:09:15.392081,164,6,Down
2026-01-13 02:09:15.427129,159,6,Middle
2026-01-13 02:09:15.527554,128,6,Middle
2026-01-13 02:09:15.560171,119,6,Middle
2026-01-13 02:09:15.594671,116,6,Middle
2026-01-13 02:09:15.629476,80,6,Middle
2026-01-13 02:09:15.661515,72,6,Middle
2026-01-13 02:09:15.726230,29,6,Up
2026-01-13 02:09:15.758848,25,6,Middle
2026-01-13 02:09:15.794316,25,6,Middle
2026-01-13 02:09:15.827808,16,6,Middle
2026-01-13 02:09:15.919965,29,6,Middle
2026-01-13 02:09:15.952983,34,6,Middle
2026-01-13 02:09:15.988418,37,6,Middle
2026-01-13 02:09:16.030803,59,6,Middle
2026-01-13 02:09:16.063644,67,6,Middle
2026-01-13 02:09:16.126493,117,6,Middle
2026-01-13 02:09:16.159304,135,6,Middle
2026-01-13 02:09:16.193265,139,6,Middle
2026-01-13 02:09:16.227481,161,6,Down
2026-01-13 02:09:16.321383,163,6,Down
2026-01-13 02:09:16.354316,162,6,Down
2026-01-13 02:09:16.389284,161,6,Down
2026-01-13 02:09:16.430193,148,6,Middle
2026-01-13 02:09:16.464053,145,6,Middle
2026-01-13 02:09:16.524670,127,6,Middle
2026-01-13 02:09:16.558265,119,6,Middle
2026-01-13 02:09:16.592213,112,6,Middle
2026-01-13 02:09:16.624582,74,6,Middle
2026-01-13 02:09:16.723957,18,7,Up
2026-01-13 02:09:16.757137,15,7,Middle
2026-01-13 02:09:16.790900,15,7,Middle
2026-01-13 02:09:16.828662,27,7,Middle
2026-01-13 02:09:16.861372,31,7,Middle
2026-01-13 02:09:16.928125,69,7,Middle
2026-01-13 02:09:16.961050,75,7,Middle
2026-01-13 02:09:16.994292,78,7,Middle
2026-01-13 02:09:17.028656,118,7,Middle
2026-01-13 02:09:17.121106,161,7,Down
2026-01-13 02:09:17.155398,164,7,Down
2026-01-13 02:09:17.191301,165,7,Down
2026-01-13 02:09:17.243657,152,7,Middle
2026-01-13 02:09:17.277214,147,7,Middle
2026-01-13 02:09:17.326261,150,7,Middle
2026-01-13 02:09:17.361884,156,7,Middle
2026-01-13 02:09:17.395452,154,7,Middle
2026-01-13 02:09:17.428357,21,7,Up
2026-01-13 02:09:17.527667,37,7,Middle
2026-01-13 02:09:17.559861,43,7,Middle
2026-01-13 02:09:17.594901,43,7,Middle
2026-01-13 02:09:17.631135,81,7,Middle
2026-01-13 02:09:17.664897,92,7,Middle
2026-01-13 02:09:17.726707,148,7,Middle
2026-01-13 02:09:17.759250,157,7,Middle
2026-01-13 02:09:17.792129,158,7,Middle
2026-01-13 02:09:17.824753,154,7,Middle
2026-01-13 02:09:17.919237,116,7,Middle
2026-01-13 02:09:17.952585,105,7,Middle
2026-01-13 02:09:17.986334,102,7,Middle
2026-01-13 02:09:18.031644,51,7,Middle
2026-01-13 02:09:18.065617,43,7,Middle
2026-01-13 02:09:18.126022,24,7,Middle
2026-01-13 02:09:18.158543,22,7,Middle
2026-01-13 02:09:18.192151,22,7,Middle
2026-01-13 02:09:18.226192,57,7,Middle
2026-01-13 02:09:18.325436,113,7,Middle
2026-01-13 02:09:18.359310,131,7,Middle
2026-01-13 02:09:18.394297,136,7,Middle
2026-01-13 02:09:18.432205,157,7,Middle
2026-01-13 02:09:18.465664,160,7,Down
2026-01-13 02:09:18.499598,161,7,Down
2026-01-13 02:09:18.532765,151,7,Middle
2026-01-13 02:09:18.565497,146,7,Middle
2026-01-13 02:09:18.606274,144,7,Middle
2026-01-13 02:09:18.640572,110,7,Middle
2026-01-13 02:09:18.674228,102,7,Middle
2026-01-13 02:09:18.707482,99,7,Middle
2026-01-13 02:09:18.742062,27,8,Up
2026-01-13 02:09:18.776511,21,8,Middle
2026-01-13 02:09:18.810205,21,8,Middle
2026-01-13 02:09:18.844730,23,8,Middle
2026-01-13 02:09:18.876797,23,8,Middle
2026-01-13 02:09:18.912154,24,8,Middle
2026-01-13 02:09:18.947323,67,8,Middle
2026-01-13 02:09:18.981061,76,8,Middle
2026-01-13 02:09:19.015526,80,8,Middle
2026-01-13 02:09:19.048677,134,8,Middle
2026-01-13 02:09:19.081429,149,8,Middle
2026-01-13 02:09:19.114539,153,8,Middle
2026-01-13 02:09:19.147966,167,8,Down
2026-01-13 02:09:19.179800,169,8,Down
2026-01-13 02:09:19.213539,169,8,Down
2026-01-13 02:09:19.245649,162,8,Down
2026-01-13 02:09:19.278862,159,8,Middle
2026-01-13 02:09:19.311332,158,8,Middle
2026-01-13 02:09:19.344002,138,8,Middle
2026-01-13 02:09:19.377729,128,8,Middle
2026-01-13 02:09:19.411213,121,8,Middle
2026-01-13 02:09:19.445759,45,8,Middle
2026-01-13 02:09:19.478615,39,8,Middle
2026-01-13 02:09:19.512503,36,8,Middle
2026-01-13 02:09:19.543583,26,8,Up
2026-01-13 02:09:19.576712,24,8,Middle
2026-01-13 02:09:19.609675,24,8,Middle
2026-01-13 02:09:19.642678,61,8,Middle
2026-01-13 02:09:19.674865,84,8,Middle
2026-01-13 02:09:19.709715,87,8,Middle
2026-01-13 02:09:19.742258,135,8,Middle
2026-01-13 02:09:19.775832,143,8,Middle
2026-01-13 02:09:19.809436,144,8,Middle
2026-01-13 02:09:19.842173,166,8,Down
2026-01-13 02:09:19.874545,169,8,Down
2026-01-13 02:09:19.908643,170,8,Down
2026-01-13 02:09:19.966001,172,8,Down
2026-01-13 02:09:20.001850,171,8,Down
2026-01-13 02:09:20.034915,145,8,Middle
2026-01-13 02:09:20.125986,104,8,Middle
2026-01-13 02:09:20.159580,96,8,Middle
2026-01-13 02:09:20.195271,92,8,Middle
2026-01-13 02:09:20.228346,54,8,Middle
2026-01-13 02:09:20.260413,47,8,Middle
2026-01-13 02:09:20.293627,45,8,Middle
2026-01-13 02:09:20.331122,18,9,Up
2026-01-13 02:09:20.364474,15,9,Middle
2026-01-13 02:09:20.397017,15,9,Middle
2026-01-13 02:09:20.430063,12,9,Middle
2026-01-13 02:09:20.462458,12,9,Middle
2026-01-13 02:09:20.495173,12,9,Middle
2026-01-13 02:09:20.526839,13,9,Middle
2026-01-13 02:09:20.559090,13,9,Middle
2026-01-13 02:09:20.592041,12,9,Middle
2026-01-13 02:09:20.625985,14,9,Middle
2026-01-13 02:09:20.658267,15,9,Middle
2026-01-13 02:09:20.693093,15,9,Middle
2026-01-13 02:09:20.733001,16,9,Middle
2026-01-13 02:09:20.765718,17,9,Middle
2026-01-13 02:09:20.798920,18,9,Middle
2026-01-13 02:09:20.831917,25,9,Middle
2026-01-13 02:09:20.865042,27,9,Middle
2026-01-13 02:09:20.897511,28,9,Middle
2026-01-13 02:09:20.930640,48,9,Middle
2026-01-13 02:09:20.963744,53,9,Middle
2026-01-13 02:09:20.996972,54,9,Middle
2026-01-13 02:09:21.030497,70,9,Middle
2026-01-13 02:09:21.063230,73,9,Middle
2026-01-13 02:09:21.096381,72,9,Middle
2026-01-13 02:09:21.134291,104,9,Middle
2026-01-13 02:09:21.166392,109,9,Middle
2026-01-13 02:09:21.202541,110,9,Middle
2026-01-13 02:09:21.237835,139,9,Middle
2026-01-13 02:09:21.271152,145,9,Middle
2026-01-13 02:09:21.327969,148,9,Middle
2026-01-13 02:09:21.361707,164,9,Down
2026-01-13 02:09:21.394950,168,9,Down
2026-01-13 02:09:21.428195,169,9,Down
2026-01-13 02:09:21.541280,167,9,Down
2026-01-13 02:09:21.574907,167,9,Down
2026-01-13 02:09:21.610502,166,9,Down
2026-01-13 02:09:21.643479,168,9,Down
2026-01-13 02:09:21.676114,168,9,Down
2026-01-13 02:09:21.710400,168,9,Down
2026-01-13 02:09:21.741933,167,9,Down
2026-01-13 02:09:21.774759,165,9,Down
2026-01-13 02:09:21.807277,164,9,Down
2026-01-13 02:09:21.839939,145,9,Middle
2026-01-13 02:09:21.877086,140,9,Middle
2026-01-13 02:09:21.921944,136,9,Middle
2026-01-13 02:09:21.960581,119,9,Middle
2026-01-13 02:09:22.006588,115,9,Middle
2026-01-13 02:09:22.040882,89,9,Middle
2026-01-13 02:09:22.130060,70,9,Middle
2026-01-13 02:09:22.165186,68,9,Middle
2026-01-13 02:09:22.198064,67,9,Middle
2026-01-13 02:09:22.232116,58,9,Middle
2026-01-13 02:09:22.264590,56,9,Middle
2026-01-13 02:09:22.298268,55,9,Middle
2026-01-13 02:09:22.334051,52,9,Middle
2026-01-13 02:09:22.366713,51,9,Middle
2026-01-13 02:09:22.399641,49,9,Middle
2026-01-13 02:09:22.431968,47,9,Middle
2026-01-13 02:09:22.464925,47,9,Middle
2026-01-13 02:09:22.498465,46,9,Middle
2026-01-13 02:09:22.530490,42,9,Middle
2026-01-13 02:09:22.563563,40,9,Middle
2026-01-13 02:09:22.595892,40,9,Middle
2026-01-13 02:09:22.629914,38,9,Middle
2026-01-13 02:09:22.663561,38,9,Middle
2026-01-13 02:09:22.698983,38,9,Middle
2026-01-13 02:09:22.734624,38,9,Middle
2026-01-13 02:09:22.767827,37,9,Middle
2026-01-13 02:09:22.803261,38,9,Middle
2026-01-13 02:09:22.836816,38,9,Middle
2026-01-13 02:09:22.869030,38,9,Middle
2026-01-13 02:09:22.903028,38,9,Middle
2026-01-13 02:09:22.934954,37,9,Middle
2026-01-13 02:09:22.966381,37,9,Middle
2026-01-13 02:09:22.999684,37,9,Middle
2026-01-13 02:09:23.034763,37,9,Middle
2026-01-13 02:09:23.069197,37,9,Middle
2026-01-13 02:09:23.103024,38,9,Middle
2026-01-13 02:09:23.134389,39,9,Middle
2026-01-13 02:09:23.166851,40,9,Middle
2026-01-13 02:09:23.200927,41,9,Middle
2026-01-13 02:09:23.235369,40,9,Middle
2026-01-13 02:09:23.268111,41,9,Middle
2026-01-13 02:09:23.301428,42,9,Middle
2026-01-13 02:09:23.333487,41,9,Middle
2026-01-13 02:09:23.367325,41,9,Middle
2026-01-13 02:09:23.399990,41,9,Middle
2026-01-13 02:09:23.433142,39,9,Middle
2026-01-13 02:09:23.466677,39,9,Middle
2026-01-13 02:09:23.499502,40,9,Middle
2026-01-13 02:09:23.534175,37,9,Middle
2026-01-13 02:09:23.567619,36,9,Middle
2026-01-13 02:09:23.600939,35,9,Middle
2026-01-13 02:09:23.634741,30,9,Middle
2026-01-13 02:09:23.666968,29,9,Up
2026-01-13 02:09:23.700025,28,9,Middle
2026-01-13 02:09:23.733830,24,9,Middle
2026-01-13 02:09:23.768141,23,9,Middle
2026-01-13 02:09:23.802263,22,9,Middle
2026-01-13 02:09:23.833360,20,9,Middle
2026-01-13 02:09:23.866623,19,9,Middle
2026-01-13 02:09:23.900549,19,9,Middle
2026-01-13 02:09:23.933890,18,9,Middle
2026-01-13 02:09:23.967482,18,9,Middle
2026-01-13 02:09:24.000722,18,9,Middle
2026-01-13 02:09:24.057240,18,9,Middle
2026-01-13 02:09:24.091375,18,9,Middle
2026-01-13 02:09:24.124643,19,9,Middle
2026-01-13 02:09:24.159433,20,9,Middle
2026-01-13 02:09:24.193430,20,9,Middle
2026-01-13 02:09:24.227690,21,9,Middle
2026-01-13 02:09:24.261213,23,9,Middle
2026-01-13 02:09:24.295003,24,9,Middle
2026-01-13 02:09:24.327671,25,9,Middle
2026-01-13 02:09:24.360098,28,9,Middle
2026-01-13 02:09:24.393391,29,9,Middle
2026-01-13 02:09:24.425923,29,9,Middle
2026-01-13 02:09:24.458255,31,9,Middle
2026-01-13 02:09:24.491712,32,9,Middle
2026-01-13 02:09:24.524738,34,9,Middle
2026-01-13 02:09:24.641874,36,9,Middle
2026-01-13 02:09:24.679419,36,9,Middle
2026-01-13 02:09:24.715475,36,9,Middle
2026-01-13 02:09:24.749372,37,9,Middle
2026-01-13 02:09:24.782628,38,9,Middle
2026-01-13 02:09:24.815719,38,9,Middle
2026-01-13 02:09:24.847908,40,9,Middle
2026-01-13 02:09:24.881424,41,9,Middle
2026-01-13 02:09:24.914661,41,9,Middle
2026-01-13 02:09:24.948102,42,9,Middle
2026-01-13 02:09:24.981074,43,9,Middle
2026-01-13 02:09:25.015635,43,9,Middle
2026-01-13 02:09:25.048512,43,9,Middle
2026-01-13 02:09:25.081487,43,9,Middle
2026-01-13 02:09:25.115599,43,9,Middle
2026-01-13 02:09:25.148716,44,9,Middle
2026-01-13 02:09:25.182488,44,9,Middle
2026-01-13 02:09:25.217915,44,9,Middle
2026-01-13 02:09:25.251724,44,9,Middle
2026-01-13 02:09:25.284317,44,9,Middle
2026-01-13 02:09:25.316361,44,9,Middle
2026-01-13 02:09:25.348751,44,9,Middle
2026-01-13 02:09:25.411012,44,9,Middle
2026-01-13 02:09:25.444720,44,9,Middle
2026-01-13 02:09:25.533671,44,9,Middle
2026-01-13 02:09:25.566870,44,9,Middle
2026-01-13 02:09:25.601758,44,9,Middle
2026-01-13 02:09:25.634108,43,9,Middle
2026-01-13 02:09:25.667549,43,9,Middle
2026-01-13 02:09:25.700723,43,9,Middle
2026-01-13 02:09:25.734187,43,9,Middle
2026-01-13 02:09:25.766454,43,9,Middle
2026-01-13 02:09:25.800227,43,9,Middle
2026-01-13 02:09:25.837236,43,9,Middle
2026-01-13 02:09:25.870413,43,9,Middle
2026-01-13 02:09:25.904211,43,9,Middle
2026-01-13 02:09:25.937862,43,9,Middle
2026-01-13 02:09:25.971988,44,9,Middle
2026-01-13 02:09:26.005577,44,9,Middle
2026-01-13 02:09:26.038684,43,9,Middle
2026-01-13 02:09:26.071734,43,9,Middle
2026-01-13 02:09:26.107192,43,9,Middle
2026-01-13 02:09:26.141371,43,9,Middle
2026-01-13 02:09:26.177975,43,9,Middle
2026-01-13 02:09:26.211140,43,9,Middle
2026-01-13 02:09:26.242843,43,9,Middle
2026-01-13 02:09:26.276551,42,9,Middle
2026-01-13 02:09:26.309087,42,9,Middle
2026-01-13 02:09:26.341623,42,9,Middle
2026-01-13 02:09:26.374166,42,9,Middle
2026-01-13 02:09:26.407468,42,9,Middle
2026-01-13 02:09:26.439188,42,9,Middle
2026-01-13 02:09:26.471205,42,9,Middle
2026-01-13 02:09:26.505879,42,9,Middle
2026-01-13 02:09:26.538922,42,9,Middle
2026-01-13 02:09:26.572606,42,9,Middle
2026-01-13 02:09:26.608927,43,9,Middle
2026-01-13 02:09:26.642986,43,9,Middle
2026-01-13 02:09:26.677429,43,9,Middle
2026-01-13 02:09:26.713204,42,9,Middle
2026-01-13 02:09:26.747313,42,9,Middle
2026-01-13 02:09:26.781081,42,9,Middle
2026-01-13 02:09:26.816163,42,9,Middle
2026-01-13 02:09:26.852289,42,9,Middle
2026-01-13 02:09:26.886699,42,9,Middle
2026-01-13 02:09:26.921230,41,9,Middle
2026-01-13 02:09:26.955230,41,9,Middle
2026-01-13 02:09:26.991122,41,9,Middle
2026-01-13 02:09:27.024431,41,9,Middle
2026-01-13 02:09:27.062015,41,9,Middle
2026-01-13 02:09:27.104257,41,9,Middle
2026-01-13 02:09:27.146022,41,9,Middle
2026-01-13 02:09:27.229092,41,9,Middle
2026-01-13 02:09:27.267342,41,9,Middle
2026-01-13 02:09:27.305024,41,9,Middle
2026-01-13 02:09:27.341372,41,9,Middle
2026-01-13 02:09:27.376238,41,9,Middle
2026-01-13 02:09:27.411516,41,9,Middle
2026-01-13 02:09:27.444376,41,9,Middle
2026-01-13 02:09:27.479102,41,9,Middle
2026-01-13 02:09:27.515035,41,9,Middle
2026-01-13 02:09:27.550553,41,9,Middle
2026-01-13 02:09:27.585735,41,9,Middle
2026-01-13 02:09:27.618773,41,9,Middle
2026-01-13 02:09:27.651959,41,9,Middle
2026-01-13 02:09:27.686584,41,9,Middle
2026-01-13 02:09:27.720345,41,9,Middle
2026-01-13 02:09:27.754750,41,9,Middle
2026-01-13 02:09:27.786263,41,9,Middle
2026-01-13 02:09:27.827545,41,9,Middle
2026-01-13 02:09:27.863070,40,9,Middle
2026-01-13 02:09:27.896881,40,9,Middle
2026-01-13 02:09:27.934859,40,9,Middle
2026-01-13 02:09:27.975880,41,9,Middle
2026-01-13 02:09:28.012755,42,9,Middle
2026-01-13 02:09:28.059151,38,9,Middle
2026-01-13 02:09:28.123844,17,9,Middle
2026-01-13 02:09:28.159622,36,9,Middle
2026-01-13 02:09:28.193071,41,9,Middle
2026-01-13 02:09:28.237033,148,9,Middle
2026-01-13 02:09:28.269534,147,9,Middle
2026-01-13 02:09:28.302853,137,9,Middle
2026-01-13 02:09:28.338380,97,9,Middle
2026-01-13 02:09:28.374952,81,9,Middle
2026-01-13 02:09:28.414702,52,9,Middle
2026-01-13 02:09:28.448435,83,9,Middle
2026-01-13 02:09:28.480637,71,9,Middle
2026-01-13 02:09:28.517631,93,9,Middle
2026-01-13 02:09:28.555021,110,9,Middle
2026-01-13 02:09:28.601864,79,9,Middle
2026-01-13 02:09:28.637032,126,9,Middle
2026-01-13 02:09:28.681760,135,9,Middle
2026-01-13 02:09:28.726292,134,9,Middle
2026-01-13 02:09:28.773740,131,9,Middle
2026-01-13 02:09:28.833438,133,9,Middle
2026-01-13 02:09:28.866111,131,9,Middle
2026-01-13 02:09:28.900577,131,9,Middle
2026-01-13 02:09:28.938884,133,9,Middle
2026-01-13 02:09:28.975258,134,9,Middle
2026-01-13 02:09:29.010290,134,9,Middle
2026-01-13 02:09:29.045036,129,9,Middle
2026-01-13 02:09:29.077340,128,9,Middle
2026-01-13 02:09:29.112142,131,9,Middle
2026-01-13 02:09:29.149418,123,9,Middle
2026-01-13 02:09:29.182398,123,9,Middle
2026-01-13 02:09:29.216286,123,9,Middle
2026-01-13 02:09:29.249932,131,9,Middle
2026-01-13 02:09:29.282672,131,9,Middle
2026-01-13 02:09:29.319292,131,9,Middle
2026-01-13 02:09:29.354365,136,9,Middle
2026-01-13 02:09:29.387420,133,9,Middle
2026-01-13 02:09:29.420674,131,9,Middle
2026-01-13 02:09:29.459913,137,9,Middle
2026-01-13 02:09:29.498657,137,9,Middle
2026-01-13 02:09:29.534411,137,9,Middle
2026-01-13 02:09:29.569865,134,9,Middle
2026-01-13 02:09:29.603665,131,9,Middle
2026-01-13 02:09:29.636422,128,9,Middle
2026-01-13 02:09:29.746204,128,9,Middle
2026-01-13 02:09:29.780141,127,9,Middle
2026-01-13 02:09:29.818215,126,9,Middle
2026-01-13 02:09:29.852506,126,9,Middle
2026-01-13 02:09:29.890055,128,9,Middle
2026-01-13 02:09:29.923415,129,9,Middle
2026-01-13 02:09:29.956585,128,9,Middle
2026-01-13 02:09:29.990243,127,9,Middle
2026-01-13 02:09:30.025810,127,9,Middle
2026-01-13 02:09:30.058430,128,9,Middle
2026-01-13 02:09:30.091079,127,9,Middle
2026-01-13 02:09:30.125168,128,9,Middle
2026-01-13 02:09:30.159480,129,9,Middle
2026-01-13 02:09:30.194771,129,9,Middle
2026-01-13 02:09:30.227656,130,9,Middle
2026-01-13 02:09:30.263713,132,9,Middle
2026-01-13 02:09:30.300195,133,9,Middle
2026-01-13 02:09:30.339438,133,9,Middle
2026-01-13 02:09:30.435995,133,9,Middle
2026-01-13 02:09:30.471472,132,9,Middle
2026-01-13 02:09:30.511225,131,9,Middle
2026-01-13 02:09:30.551639,131,9,Middle
2026-01-13 02:09:30.587984,130,9,Middle
2026-01-13 02:09:30.624379,130,9,Middle
2026-01-13 02:09:30.659774,130,9,Middle
2026-01-13 02:09:30.693659,130,9,Middle
2026-01-13 02:09:30.746585,129,9,Middle
2026-01-13 02:09:30.783403,128,9,Middle
2026-01-13 02:09:30.819421,129,9,Middle
2026-01-13 02:09:30.853814,127,9,Middle
2026-01-13 02:09:30.942362,131,9,Middle
2026-01-13 02:09:30.977378,130,9,Middle
2026-01-13 02:09:31.028435,130,9,Middle
2026-01-13 02:09:31.069811,131,9,Middle
2026-01-13 02:09:31.105808,130,9,Middle
2026-01-13 02:09:31.142539,131,9,Middle
2026-01-13 02:09:31.236779,127,9,Middle
2026-01-13 02:09:31.272009,126,9,Middle
2026-01-13 02:09:31.311420,124,9,Middle
2026-01-13 02:09:31.351041,124,9,Middle
2026-01-13 02:09:31.386712,124,9,Middle
2026-01-13 02:09:31.423853,124,9,Middle
2026-01-13 02:09:31.459930,125,9,Middle
2026-01-13 02:09:31.501229,126,9,Middle
2026-01-13 02:09:31.536910,128,9,Middle
2026-01-13 02:09:31.632008,130,9,Middle
2026-01-13 02:09:31.668111,131,9,Middle
2026-01-13 02:09:31.707983,131,9,Middle
2026-01-13 02:09:31.743742,129,9,Middle
2026-01-13 02:09:31.786326,128,9,Middle
2026-01-13 02:09:31.826172,127,9,Middle
2026-01-13 02:09:31.865459,128,9,Middle
2026-01-13 02:09:31.904345,129,9,Middle
2026-01-13 02:09:31.940394,130,9,Middle
2026-01-13 02:09:32.033309,129,9,Middle
2026-01-13 02:09:32.077629,128,9,Middle
2026-01-13 02:09:32.129047,128,9,Middle
2026-01-13 02:09:32.171614,129,9,Middle
2026-01-13 02:09:32.206342,129,9,Middle
2026-01-13 02:09:32.241336,132,9,Middle
2026-01-13 02:09:32.356847,134,9,Middle
2026-01-13 02:09:32.392772,135,9,Middle
2026-01-13 02:09:32.435205,134,9,Middle
2026-01-13 02:09:32.480651,133,9,Middle
2026-01-13 02:09:32.518760,136,9,Middle
2026-01-13 02:09:32.553319,136,9,Middle
2026-01-13 02:09:32.644440,135,9,Middle
2026-01-13 02:09:32.683636,137,9,Middle
2026-01-13 02:09:32.722730,139,9,Middle
2026-01-13 02:09:32.760134,141,9,Middle
2026-01-13 02:09:32.802356,143,9,Middle
2026-01-13 02:09:32.835689,145,9,Middle
2026-01-13 02:09:32.952441,150,9,Middle
2026-01-13 02:09:32.987290,152,9,Middle
2026-01-13 02:09:33.027695,151,9,Middle
2026-01-13 02:09:33.066492,150,9,Middle
2026-01-13 02:09:33.100445,150,9,Middle
2026-01-13 02:09:33.136249,150,9,Middle
2026-01-13 02:09:33.236986,146,9,Middle
2026-01-13 02:09:33.271913,143,9,Middle
2026-01-13 02:09:33.310380,141,9,Middle
2026-01-13 02:09:33.343089,136,9,Middle
2026-01-13 02:09:33.376967,134,9,Middle
2026-01-13 02:09:33.410564,133,9,Middle
2026-01-13 02:09:33.444213,137,9,Middle
2026-01-13 02:09:33.475703,139,9,Middle
2026-01-13 02:09:33.508636,142,9,Middle
2026-01-13 02:09:33.541744,145,9,Middle
2026-01-13 02:09:33.576175,145,9,Middle
2026-01-13 02:09:33.608757,145,9,Middle
2026-01-13 02:09:33.642649,141,9,Middle
2026-01-13 02:09:33.675921,143,9,Middle
2026-01-13 02:09:33.710104,143,9,Middle
2026-01-13 02:09:33.742146,142,9,Middle
2026-01-13 02:09:33.775235,142,9,Middle
2026-01-13 02:09:33.813296,141,9,Middle
2026-01-13 02:09:33.851777,139,9,Middle
2026-01-13 02:09:33.888158,139,9,Middle
2026-01-13 02:09:33.927738,138,9,Middle
2026-01-13 02:09:33.963589,138,9,Middle
2026-01-13 02:09:33.996404,139,9,Middle
2026-01-13 02:09:34.028298,140,9,Middle
2026-01-13 02:09:34.167516,141,9,Middle
2026-01-13 02:09:34.206450,141,9,Middle
2026-01-13 02:09:34.240508,137,9,Middle
2026-01-13 02:09:34.336109,141,9,Middle
2026-01-13 02:09:34.371071,144,9,Middle
2026-01-13 02:09:34.412265,146,9,Middle
2026-01-13 02:09:34.447293,148,9,Middle
2026-01-13 02:09:34.480653,147,9,Middle
2026-01-13 02:09:34.513364,145,9,Middle
2026-01-13 02:09:34.546479,145,9,Middle
2026-01-13 02:09:34.579334,145,9,Middle
2026-01-13 02:09:34.616133,145,9,Middle
2026-01-13 02:09:34.652100,145,9,Middle
2026-01-13 02:09:34.686178,146,9,Middle
2026-01-13 02:09:34.723035,147,9,Middle
2026-01-13 02:09:34.757672,146,9,Middle
2026-01-13 02:09:34.792640,146,9,Middle
2026-01-13 02:09:34.831010,146,9,Middle
2026-01-13 02:09:34.875845,148,9,Middle
2026-01-13 02:09:34.910308,150,9,Middle
2026-01-13 02:09:34.947345,146,9,Middle
2026-01-13 02:09:35.036033,149,9,Middle
2026-01-13 02:09:35.068237,152,9,Middle
2026-01-13 02:09:35.103043,157,9,Middle
2026-01-13 02:09:35.139879,134,9,Middle
2026-01-13 02:09:35.177266,130,9,Middle
2026-01-13 02:09:35.216319,132,9,Middle
2026-01-13 02:09:35.248733,132,9,Middle
2026-01-13 02:09:35.279963,137,9,Middle
2026-01-13 02:09:35.312648,138,9,Middle
2026-01-13 02:09:35.345815,133,9,Middle
2026-01-13 02:09:35.378743,141,9,Middle
2026-01-13 02:09:35.415522,132,9,Middle
2026-01-13 02:09:35.447312,134,9,Middle
2026-01-13 02:09:35.481021,134,9,Middle
2026-01-13 02:09:35.513675,124,9,Middle
2026-01-13 02:09:35.545627,130,9,Middle
2026-01-13 02:09:35.578280,135,9,Middle
2026-01-13 02:09:35.614007,141,9,Middle
2026-01-13 02:09:35.647709,140,9,Middle
2026-01-13 02:09:35.683997,122,9,Middle
2026-01-13 02:09:35.717259,116,9,Middle
2026-01-13 02:09:35.749416,120,9,Middle
2026-01-13 02:09:35.782686,122,9,Middle
2026-01-13 02:09:35.817573,126,9,Middle
2026-01-13 02:09:35.851200,123,9,Middle
2026-01-13 02:09:35.884612,122,9,Middle
2026-01-13 02:09:35.919661,94,9,Middle
2026-01-13 02:09:35.953812,82,9,Middle
2026-01-13 02:09:35.985332,80,9,Middle
2026-01-13 02:09:36.019479,84,9,Middle
2026-01-13 02:09:36.052799,83,9,Middle
2026-01-13 02:09:36.085562,101,9,Middle
2026-01-13 02:09:36.119362,123,9,Middle
2026-01-13 02:09:36.154543,117,9,Middle
2026-01-13 02:09:36.187864,120,9,Middle
2026-01-13 02:09:36.221957,126,9,Middle
2026-01-13 02:09:36.256011,121,9,Middle
2026-01-13 02:09:36.287027,123,9,Middle
2026-01-13 02:09:36.324355,126,9,Middle
2026-01-13 02:09:36.358063,127,9,Middle
2026-01-13 02:09:36.391096,128,9,Middle
2026-01-13 02:09:36.425024,129,9,Middle
2026-01-13 02:09:36.458296,127,9,Middle
2026-01-13 02:09:36.491214,129,9,Middle
